{"stats":{"minecraft:custom":{"minecraft:jump":12,"minecraft:time_since_rest":5999,"minecraft:crouch_one_cm":570,"minecraft:leave_game":3,"minecraft:sprint_one_cm":39,"minecraft:play_time":5999,"minecraft:damage_taken":20,"minecraft:time_since_death":5999,"minecraft:walk_one_cm":1622,"minecraft:sneak_time":227,"minecraft:total_world_time":5999,"minecraft:drop":1,"minecraft:fall_one_cm":404,"minecraft:fly_one_cm":29922},"minecraft:used":{"minecraft:flint_and_steel":1,"minecraft:obsidian":17},"minecraft:dropped":{"patchouli:guide_book":1},"minecraft:mined":{"minecraft:oak_leaves":1}},"DataVersion":3465}